SKU;Descriçăo;Validade;Estoque
411059;MOCA Leite Condensado NPro 6x2,6kg XW;03/11/2026;54
411201;NESTLE Creme de Leite Lata 48x300g BR;01/05/2027;42
411269;NESTLE Creme de Leite Uht 27x200g BR;01/11/2026;150
411522;MOCA Beijinho NPro 6x2400g XW;02/10/2026;0
411524;MOCA Doce de Leite NPro 6x2,540g XW;09/01/2027;0
411526;MOCA Chocolate NPro 6x2,540kg XW;09/01/2027;0
412234;NESTLE Cob Chocolate Diet NPro 500g XR;01/07/2026;1
412340;NUTREN ACTIVE PBIO1 Baunilha 12x400g BR;01/04/2027;37
412341;NUTREN ACTIVE PBIO1 Chocolate 12x400g BR;01/11/2026;0
412681;NESTON Vitamina MrgPB 24x400g BR;01/12/2026;0
412685;NESTON Vitamina MamaoBM 24x400g BR;01/12/2026;0
412884;NESCAFE Cappuccino Latte 6x1300g XI;01/12/2026;0
413522;NESTLE Chocolate Mousse NPro 8x500g BR;01/10/2026;0
413695;SNOW FLAKES Cereal Matinal 14x620g BR;09/08/2026;1
414216;CHOKITO Chocolate 18(30x32g) BR;02/02/2027;0
414513;NESTLE Choc em Po Soluvel 25x200g XI;01/06/2027;9
414602;PRESTIGIO Chocolate 30x33g BR;16/01/2027;0
414649;CHARGE Chocolate 12(30x40g) XW;13/03/2027;0
415012;MAGGI GRIL Tempero 30x120g XW;01/07/2026;0
415013;MAGGI Amaciante Car c/ Tempero 30x120gBR;01/07/2026;0
415084;MAGGI MEU SEGREDO Temp Gran 42(7x7g)BR;01/12/2026;252
415306;MAGGI Sopa Cebola 12x68g BR;01/02/2027;0
415328;MAGGI Creme de Cebola NPro 6x1kg XW;01/02/2027;0
415385;MAGGI Creme Cebola 12x68g BR;01/08/2026;11
415400;MAGGI Sopao Sp Costela 24x200g BR;01/02/2027;0
415446;MAGGI Sopa Gl&Fidelini 12(10x60g BR;01/10/2026;0
415533;MOCA LeiteCondensadoRech NPro 6x2,6kg XW;07/08/2026;0
415820;MAGGI Sopao Galinha 24x200g BR;01/02/2027;0
415821;MAGGI Sopao Sp Carne 24x200g BR;01/02/2027;0
418817;TOSTINES Bisc Cracker Agua 40x200g BR;19/08/2026;20
418872;TOSTINES Biscoito Maisena 40x200g XI;09/11/2026;0
418897;CALIPSO Biscoito Coberto 40x130g XI;08/08/2026;0
419489;NEGRESCO Bisc Granulado NPro 6x1000g XR;11/02/2027;0
6220211;SBUX CAFFE VERONA SRP 12x55g B11;23/10/2026;0
6220411;SBUX PIKE PLACE Rst SRP 12x53g B11;#N/D;2
6220511;SBUX COLOMBIA SO SRP 12x57g B11;07/04/2027;0
6220711;SBUX BLNDE ESPRS Rst SRP 12x53g B11;19/02/2027;0
6221211;SBUX GUAT SO SRP 12x52g B11;20/03/2027;0
6222911;SBUX HSBLD SRP 12x52g B11;06/02/2027;4
6223111;SBUX ESPRS RST SRP 12x55g B11;30/01/2027;8
6223311;SBUX RIST SHOT SRP 12x57g B11;05/04/2027;0
6620911;NESC ANDES SRP 12x44g R11;#N/D;1
6621011;NESC COL SRP 12x44g R11;01/05/2027;0
6621211;NESC BRAZIL SRP 12x44g R11;#N/D;13
6621311;NESC INDIA SRP 12x44g R11;25/10/2025;0
6621611;NESC MEXICO SRP 12x44g R11;13/12/2026;8
11320040;GAROTO Chocolate em Po 20x200g XI;01/04/2027;23
11320042;GAROTO Cacau em Po 20x200g XW;01/05/2027;0
11320197;TALENTO Tab Leite Amen Pas 18(15x25g) XW;14/10/2026;16
11320198;TALENTO Tab Leite Cast Para 18(15x25g)XW;02/01/2027;0
11320199;TALENTO Tab Choc Bco Cer 18(15x25g) XW;03/02/2027;0
11320209;TALENTO Tab Leite Avelas 18(15x25g) XW;12/03/2027;25
11320308;GAROTO Cobertura Choc Ao Leite 12x1kg XW;24/01/2027;0
11320309;GAROTO Cobert Choc Meio Amargo 12x1kg XW;30/12/2026;0
11320331;BATON Bastao Choc Branco 32(30x16g)XW;08/03/2027;54
11320349;GAROTO Cobertura Choc AoLeite 20x500g XW;25/03/2027;0
11320351;GAROTO Cobert Choc MeioAmargo 20x500g XW;13/06/2026;1
11320367;BATON Bastao Choc Leite 32(30x16g)XW;18/10/2026;67
11322004;GAROTO Pastilha Hortela 24(40x17g) XW;12/05/2027;26
11324001;TALENTO Tab Diet Avelas 12(15x25g) XI;17/03/2027;10
12028625;NESCAFE ORIGINAL 24x100g BR;01/03/2028;40
12029252;NESCAFE TRADICAO 24x100g BR;01/01/2028;8
12029565;NESCAFE MATINAL 24x100g BR;01/03/2028;8
12041117;MAGGI Sopao Galinha Caipira 24x200g BR;01/03/2027;0
12045051;PASSATEMPO Biscoito Leite 54x150g BR;20/01/2027;0
12073778;NESTLE NPro Cob Rech Ganache 6x2,330kgBR;06/11/2026;2
12091059;MOCA Lei CondSemiDesnCaixinha 27x395g BR;01/12/2026;0
12097176;ALPINO Bebida Garrafa Plas 4(6x280ml) BR;04/11/2026;78
12099104;ALPINO Chocolate Bag 24x195g BR;25/12/2026;0
12105545;MUCILON  Multicereais Lata 18x400g BR;01/12/2026;0
12105548;MUCILON Milho Lata 18x400g BR;01/12/2026;0
12105550;MUCILON Arroz Lata 18x400g BR;01/01/2027;0
12106033;NESCAU Cer Matinal Sachet 12(16x30g) BR;18/10/2026;0
12106251;MUCILON Arroz Aveia Lata 18x400g BR;01/11/2026;0
12127625;MUCILON Arroz e Aveia Sachet 9x600g N1BR;01/12/2026;756
12133006;MOCA Doce de Leite NPro 5x3kg BR;11/06/2026;0
12133009;NESTLE Nestilly UHT NPro 12x1kg BR;01/10/2026;0
12133134;NESTLE Creme de Leite UHT NPro 12x1kg BR;01/11/2026;75
12136357;PRESTIGIO Wafer 48x110g BR;03/11/2026;126
12136358;CLASSIC Wafer 48x110g BR;03/10/2026;0
12136359;NEGRESCO Wafer 48x110g BR;13/11/2026;126
12138557;NESTLE Farinha Lactea Trdl Sac 9x600g BR;01/12/2026;840
12144488;GAROTO Cob Choc Branco 5x2,1kg BR;31/03/2027;0
12144489;GAROTO Cob Choc Meio Amargo 5x2,1kg BR;29/07/2026;0
12144708;GAROTO Cob Choc ao Leite 5x2,1kg BR;30/11/2026;0
12146794;PASSATEMPO Mini Wfr Mrg 16(28x20g) BR;27/09/2026;0
12146795;PASSATEMPO MiniWfrChoc 16(28x20g)BR;28/09/2026;0
12150285;NESCAU Prontinho Bebida Lactea 12x1L BR;03/11/2026;225
12153428;NESCAU Com Leite NPro 6x1,3kg BR;01/10/2026;0
12155337;BATON Bastao Duo 32(30x16g) XW;11/01/2027;0
12157199;ALPINO Achoc Com Leite NPro 6x1,3kg BR;01/11/2026;0
12168360;MAGGI FONDOR Tempero NPro 6x1,1kg BR;01/02/2027;0
12168361;MAGGI Amaciante de Carne NPro 6x1,1kg BR;01/01/2027;0
12168362;MAGGI GRIL Tempero NPro 6x1,1kg BR;01/01/2027;0
12171055;MUCILON Multicereais Sachet 9x600g BR;01/01/2027;126
12177187;NUTREN KIDS Baunilha 12x350g BR;01/10/2026;0
12177188;NUTREN KIDS Chocolate 12x350gBR;01/03/2027;0
12182407;CLASSIC Biscoito Recheado 60x140g BR;25/12/2026;0
12182408;NESCAU Biscoito Recheado 60x140g BR;27/01/2027;0
12182409;MOCA Biscoito Recheado 60x140g BR;15/06/2026;0
12182430;PRESTIGIO Biscoito Recheado 60x140g BR;15/01/2027;11
12187083;NESTON Bebida Garrafa Plas 4(6x280ml) BR;19/09/2026;78
12189531;MILANO LeiteemPo DesnatadoNPro 24x300gBR;01/09/2026;0
12196210;LOLLO Chocolate 12(30x28g) BR;12/01/2027;0
12209621;MOCA Recheio Morango NPro 6x2,6kg BR;18/06/2026;0
12220263;MOCA Brigadeiro NPro 6x2,570kg BR;31/07/2026;1
12223291;MAGGI Sopao Carne Panela 24x200g BR;01/03/2027;0
12227748;CLASSIC Diet Chocolate 12(22x25g) BR;17/12/2026;3
12228413;NESTON 3 Cereais Sachet 12x210g BR;01/11/2026;1296
12228529;NESTLE Farlact Trdl Sachet 24x210g BR;01/01/2027;80
12234477;NESCAU Cereal Matinal 14x770g BR;27/08/2026;0
12240800;MOLICO LepoDesnSac TotalCalcio 12x500gBR;01/06/2027;64
12240801;MOLICO Lepo Desn Total Calcio 24x280g BR;01/06/2027;64
12241562;NESTON Vitamina Mamao Bna Mc 24x210g BR;01/12/2026;0
12242943;NESCAU Bebida Garrafa Plas 4(6x270ml) BR;15/09/2026;156
12243344;MOCA LeiCondTradlLataAbreFacil 48x395gBR;01/02/2027;45
12246308;NESTLE Aveia Flocos 28x170g BR;01/03/2027;0
12246309;NESTLE Aveia Flocos Finos 28x170g BR;01/02/2027;176
12248107;NUTREN SENIOR Po 6x740g BR;01/05/2027;0
12250611;NESQUIK Morango 24x380g BR;01/02/2027;54
12255799;NESTLE Cob Chocolate Marfim NPro12x1kgBR;18/11/2026;2
12255810;NESTLE Cob Chocolate Blend NPro 12x1kgBR;13/08/2026;0
12255811;NESTLE Cob Chocolate Leite Npro 12x1kgBR;04/11/2026;0
12255812;NESTLE Cob Chocolate Mamgo NPro 12x1kgBR;25/03/2027;12
12257968;NESCAFE ALEGRIA Cafe NPro 6x500g BR;01/01/2027;0
12267768;NESTLE Creme de Lei Lata NPro 48x300g BR;01/06/2027;0
12272482;SUFLAIR Chocolate Leite 12(20x50g) BR;15/01/2027;0
12273955;BATON Bastao Recheado Leite 32(30x16g)XW;12/03/2027;0
12274634;Chocofans Achoc Vending NPro 6x1,3kg BR;01/04/2026;0
12277350;TALENTO Tablete Meio Amargo 18(15x25g)BR;31/01/2027;21
12278536;PASSATEMPO Cookie Gotas Choc 52x60g BR;09/02/2027;0
12290967;NESCAFE BebidaGarrafa Plas 4(6x270ml) BR;30/11/2026;0
12301285;NINHO 3+ PBIO3 Fases Lepo 24x400g N3 BR;01/12/2026;0
12302038;NESTLE DoisFrades AchocPoNPro 6x1,3kg BR;01/11/2026;0
12303027;MUCILON Ameixa e Aveia 12x180g BR;01/12/2026;0
12305178;KANINA Filhotes 15kg N3 BR;01/10/2027;512
12307594;MOCA FLAKES Cereal Mat Sachet 20x120g BR;30/03/2027;100
12307595;NESCAU Cereal Matinal Sachet 20x120g BR;25/02/2027;400
12307596;SNOW FLAKES Cer Mat Sachet 20x120g BR;07/03/2027;200
12313896;BATON Bastao Rech Morango 32(30x16g) BR;02/02/2027;0
12316706;PRESTIGIO Dark Chocolate 18(30x33g) BR;11/01/2027;0
12318446;CHARGE Recheio NPro 6x2,4kg BR;10/07/2026;0
12320781;MAGGI Caldo de Galinha NPro 6x1,01kg BR;01/01/2027;0
12320782;MAGGI Caldo de Carne NPro 6x1,01kg BR;01/02/2027;0
12321616;NESTLE Cacau em Po Soluvel 25x200g BR;01/05/2027;9
12325104;PASSATEMPO Bisc Recheado Mrg 70x130g BR;03/01/2027;210
12325231;PASSATEMPO Bisc Recheado Choc 70x130g BR;13/01/2027;315
12325232;PASSATEMPO Bisc Recheado Leite 70x130gBR;20/01/2027;0
12329921;MAGGI Caldo Galinha Tira 35(24x19g) BR;01/03/2027;45
12329922;MAGGI Caldo Carne Tira 35(24x19g) BR;01/01/2027;0
12338492;NESCAFE Cafe em Graos NPro 6x1Kg BR;01/02/2027;10
12339526;DENTALIFE Caes Racas Medias 7x119g BR;01/01/2027;0
12339560;DENTALIFE Caes Racas Pequenas 7x42g BR;01/02/2027;0
12339674;DENTALIFE Caes Racas Grandes 7x196g BR;01/11/2026;0
12340089;NEGRESCO Cookie Choc Gotas Baun 52x60gBR;20/03/2027;0
12340110;CLASSIC Cookie Choc Gotas Choc 52x60gBR;18/02/2027;0
12340774;PRO PLAN GatosEstlz Pollo/Frango15x85gXI;01/06/2027;0
12340775;PRO PLAN GatosAdlt Pollo/Frango 15x85gXI;01/01/2027;0
12341820;PRO PLAN Adulto Carne 15x100g XI;01/07/2026;0
12341824;PRO PLAN KITTEN Pollo/Frango 15x85g XI;01/06/2027;0
12342557;KIT KAT 4Fngr Leite 4(24x41.5g) BR;21/03/2027;4
12342558;KITKAT 4Fngr Dark 4(24x41,5g) BR;07/10/2026;0
12343630;KITKAT 4Fngr Branco 4(24x41,5g) BR;09/02/2027;0
12343960;MOLICOLepoDesnTotalCa24x280gPRAvestruzBR;01/06/2027;0
12344609;MAGGI Caldo Galinha 15(10x57g) BR;01/03/2027;85
12344650;MAGGI Caldo Carne Dspl 15(10x57g) BR;01/11/2026;0
12344651;MAGGI Caldo Bacon Display 15(10x57g) BR;01/04/2027;0
12344654;MAGGI Caldo Costela Dspl 15(10x57g) BR;01/11/2026;0
12346804;ALPINO Recheio NPro 6x2,54kg BR;30/10/2026;0
12349928;MAGGI Caldo Bacon 100x114g BR;01/10/2026;0
12350064;MAGGI Caldo Galinha 100x114g BR;01/04/2027;0
12350073;MAGGI Caldo Carne 100x114g BR;01/01/2027;0
12350074;MAGGI Caldo Galinha 76x152g BR;01/12/2026;0
12350191;PRESTIGIO Branco Chocolate 18(30x33)g BR;27/01/2027;0
12350533;ALPINO Achocolatado Po NPro 6x1kg BR;01/10/2026;0
12351488;MOLICO Zero Lact CmptoLact Po 24x260g BR;01/02/2027;64
12351872;NESTLE Cob Choc Leite NPro 6x2,1kg BR;17/01/2027;0
12351873;NESTLE Cob Choc Marfim NPro 6x2,1 kg BR;06/10/2026;0
12351874;NESTLE Cob Choc Mamgo NPro 6x2,1 kg BR;12/02/2027;0
12351875;NESTLE Cob Choc Blend NPro 6x2,1kg BR;27/11/2026;0
12355348;NESTLE Crmlt Zero Lact Uht 27x200g BR;01/11/2026;0
12355785;MAGGI Caldo Carne MenosSodio 100x114g BR;01/09/2026;0
12355788;MAGGI Caldo Galinha MenosSodio 180x57gBR;01/12/2026;0
12355810;MAGGI Caldo GalinhaMenosSodio 100x114gBR;01/10/2026;0
12360716;NESFIT Cookie Cacau e Avela 52x60g BR;05/07/2026;0
12365022;CRUNCH Cereal Matinal Sachet 20x120g BR;14/12/2026;100
12368428;PRESTIGIO ao Leite Flowpack 30x114g BR;11/10/2026;0
12368980;BATON Extra Milk 32(30x16g) XW;12/01/2027;0
12370783;NESCAU Cereal Matinal 24x210g BR;30/11/2026;54
12377050;NUTREN SENIOR semSabor6x740gPRGrts100gBR;01/03/2027;0
12377691;CHARGE Flowpack 30x117g BR;11/10/2026;0
12378082;DOGUITOS Bifinho Carne 20x65g BR;01/08/2027;21
12378083;DOGUITOS Bifinho Frango 20x65g BR;01/07/2027;0
12378133;NESCAU DUO Cereal Matinal 24x210g BR;06/02/2027;6
12379167;DOGUITOS Linguicinha 20x45g BR;01/05/2027;31
12379776;PASSATEMPO Bisc RechChocChoc 70x130g BR;06/02/2027;0
12379785;PASSATEMPO Bisc Rech Choc Mrg 70x130g BR;17/01/2027;105
12383749;NESTLE Brownie Choc 6x800g NPro BR;01/09/2026;0
12383770;NESTLE Rech Torta 6x600g NPro BR;01/02/2027;1
12383806;NESTLE Chocbra Mse 8x500g NPro BR;01/11/2026;0
12384866;DOG CHOW Oral Med Gde 20x80g BR;01/04/2027;18
12384867;DOG CHOW Oral Pequeno 20x105g BR;01/06/2027;12
12384868;DOG CHOW Oral Pequeno 20x45g BR;01/07/2027;0
12386036;NDG Minime Antr1 127V BR;12/02/2035;0
12386038;NDG Minime BlkRed1 127V BR;04/02/2035;0
12392354;MAGGI Sopao Gl Menos Sodio 24x150g BR;01/02/2027;0
12392355;MAGGI Sopao Car Menos Sodio 24x150g BR;01/02/2027;0
12394340;NDG Minime ChryRed1 127V BR;07/06/2032;0
12394435;MUCILON BL 5 Cereais Zero 12x180g BR;01/12/2026;9
12400662;MAGGI Crm Ceb Menos Sodio 12(12x61g) BR;01/11/2026;0
12405428;DOG CHOW Adlt Mini Peq Carne 15x100g BR;01/03/2028;0
12405429;DOGCHOW Adlt Mini Peq Salmao 15x100g BR;01/02/2028;0
12405432;DOG CHOW Adlt TdTm Frango 15x100g BR;01/01/2028;0
12405471;DOG CHOW Adlt Mini Peq Frango 15x100g BR;01/12/2027;0
12405472;DOG CHOW Filh TdTm Carne 15x100g BR;01/03/2028;0
12405475;DOG CHOW Adlt TdTm Carne 15x100g BR;01/01/2028;0
12405477;DOG CHOW Adlt TdTm Cordeiro 15x100g BR;01/01/2028;0
12405478;DOG CHOW Filh TdTm Frango 15x100g BR;01/02/2028;0
12406317;NINHO 3+ PBIO3 Fases Lepo 6x800g BR;01/06/2027;18
12406967;NESCAFE GOLD TorrMoidoSuaveSac 12x250gBR;01/01/2027;5
12406968;NESCAFE GOLDTorrMoidoIntensoSac12x250gBR;01/09/2026;2
12406969;NESC GOLD TorrMdoEquilibradoSac12x250gBR;#N/D;11
12408235;NESCAFE MATINAL Fco 12x160g BR;01/05/2027;17
12408255;NESCAFE ORIGINAL Fco 12x160g BR;01/02/2028;0
12408256;NESCAFE TRADICAO Fco 12x160g BR;01/01/2028;0
12408826;MOLICO LepoParcialDesn+Fibras24x260gBR;01/04/2027;0
12410107;MAGGI Caldo Po Carne 96x35g BR;01/02/2027;22
12410129;MAGGI Caldo Po Galinha 96x35g BR;01/01/2027;0
12412175;NDG Minime ArctGryBlk2 127V BR;18/10/2034;0
12413903;NESTLE Creme deLeiteUht 10%Gdr 27x200gBR;01/09/2026;0
12414668;NESTLE FarinhaLactea 9x600gPRL600P500gBR;01/03/2027;0
12416237;SERENATA DE AMOR Wafer Cstn 10x825g XW;13/01/2027;2390
12418204;NESTON 3 Cereais Sachet 9x600g N2 BR;01/12/2026;63
12418415;NESFIT CerMat 0%Adicao Acucar 24x220g BR;10/08/2026;1
12420220;NESFIT Delice Bisc CacaueAvela 45x140gBR;10/12/2026;0
12420221;NESFIT DeliceBiscMacaeCanela 45x140g BR;02/01/2027;0
12420288;NEGRESCO Bisc Rech Coberto 36x120g BR;05/12/2026;0
12424483;NESTOGENO 1 Formula Infantil 12x400gN3BR;01/08/2026;0
12425965;NINHO 1+ PREBIO 1 Fases Lepo 6x800g N3BR;01/02/2027;0
12427483;PRE NAN DS200 12x400g BR;30/06/2027;0
12429007;NUTREN Protein Chocolate Po 12x400g BR;01/02/2027;0
12434564;NINHO 1+ PBIO1 Fases LepoSac 12x800gN3BR;01/10/2026;0
12439442;NESFIT Biscoito Cacau e Cereais48x160gBR;29/11/2026;0
12439444;NESFIT Bisc Laranja e Cenoura 48x160g BR;10/12/2026;0
12439451;NESFIT Biscoito Mrg e Cereais 48x160g BR;12/10/2026;0
12439453;NESFIT Biscoito LimaoeCereais 48x160g BR;14/11/2026;18
12439496;NESFIT Biscoito Coco 48x160g BR;12/09/2026;0
12439508;NESFIT Bisc Banana Ava e Canl 48x160g BR;27/12/2026;90
12439522;KITKAT Rech&Cob Choc NPro 6x1,01kg BR;07/01/2027;0
12439770;MOCA LeiCond Light Desn Cxnha 27x410g BR;01/07/2026;0
12440848;MOCA Lei CondSemiDesn Caixinha 27x340gBR;#N/D;490
12442206;NESCAFE TRADICAO Forte Sachet 24x40g BR;01/04/2027;0
12442213;NESCAFEORGNL ExtraForte Sachet 24x40g BR;01/06/2027;0
12442256;NESCAFE MATINAL Suave Sachet 24x40g BR;01/04/2027;0
12443642;PRO PLAN Urinary 7,5kg BR;01/02/2027;0
12443841;PRO PLAN Kitten 10x1kg BR;01/10/2026;0
12444047;PRO PLAN Urinary 10x1kg BR;01/11/2026;0
12445411;MAGGI Caldo Po Legumes 96x35g BR;01/03/2027;0
12451066;MOCALeiCondParcDesnZrLactCxnha27x395gBR;08/09/2026;14
12453854;MUCILON Multicereais Sachet 12x180g BR;01/12/2026;1560
12453855;MUCILON Milho Sachet 12x180g BR;01/01/2027;720
12453868;MUCILON Arroz Aveia Sachet 12x180g BR;01/11/2026;10
12453877;MUCILON Arroz Sachet 12x180g BR;01/03/2027;600
12454108;ONEAdltMiniPeqc/Frg&CarneDeVdd 11x700gBR;01/11/2026;0
12454109;ONE AdltMiniPeqc/Frgo&CarneDeVdd6x2kgBR;01/09/2026;0
12454355;MUCILON Snack Tradicional 15x35g BR;01/11/2026;99
12454356;SNOW FLAKESCerMat10x620gPRBPGrtsTigelaBR;09/02/2027;8
12454876;PRO PLAN Adult Mini&Peq 10x1kg BR;01/11/2026;0
12454889;PRO PLAN Sensitive Skin Med&Gde 15kg BR;01/07/2026;0
12454893;BONO Bisc Rech Choc Coberto 36x109g BR;03/08/2026;0
12454898;PRO PLAN Adult Med 15kg BR;01/08/2026;0
12454899;PRO PLAN Adult Gde 15kg BR;01/07/2026;0
12454901;PRO PLAN Puppy Mini&Peq 10x1kg BR;01/03/2027;0
12454911;PRO PLAN ReducedCalorie Med&Gde 15kg BR;01/03/2027;0
12454922;PROPLAN ReducedCalorie Mini&Peq 7,5kg BR;01/07/2026;0
12454998;PRO PLAN Puppy Mini&Peq 7,5kg BR;01/01/2027;0
12455021;ONEGatEsterilizadosFrg&SlmDeVdd20x500gBR;01/11/2026;0
12455107;ONECatAdultos c/Frg&CarneDeVdd20x500gBR;01/11/2026;0
12458810;NESTLE ESPECIALIDADES Bombons 30x251g BR;26/11/2026;0
12460205;GAROTO Pastilha Mentol 24(40x17g) XW;#N/D;0
12460228;GAROTO Pastilha ExtraForte 24(40x17g) XW;28/11/2026;2
12460907;FM 85 DSH001 6(72x1g) BR;22/04/2027;0
12462203;GALAK Rech&CobSabChocbra 6x1,01kgNProBR;02/02/2027;0
12463773;BONO Wafer Limao 48x110g BR;09/12/2026;14
12463859;TOSTINES Maca&Canela 48x160g BR;23/02/2027;0
12463873;TOSTINES Coco 48x160g BR;20/02/2027;9
12464177;SUFLAIR Chocolate Duo 4(16x80g) BR;02/02/2027;0
12464249;SUFLAIR Chocolate ao Leite 4(16x80g) BR;26/01/2027;0
12469063;NESFITCerMatCacau0%AdicaoAcu24x220gBR;21/09/2026;0
12475946;NUTREN SENIOR Po Baunilha 24x370g BR;01/07/2027;0
12475952;NUTREN SENIOR Po 24x370g BR;01/07/2027;8
12475961;NUTREN SENIOR Cafe com Leite 24x370gBR;01/06/2027;0
12476875;NUTREN SENIOR Po Chocolate 24x370g BR;01/05/2027;0
12477866;NESCAU ACTGO Achoc Po Sachet 12x550g BR;01/12/2026;80
12477871;NESCAU ACTGO Achoc Po Sachet 12x730g BR;01/12/2026;0
12479709;PRESTIGIO CookieChoc GotasChoc 52x60g BR;14/12/2026;0
12479825;MOCA Brigadeiro NPro 8x1,01kg BR;06/10/2026;0
12479830;MOCA Doce de Leite 8x1,01kg NPro BR;26/10/2026;7
12479850;NESCAU Cookie Choc Gotas Duo 52x60g BR;04/03/2027;102
12479852;NESTLECLASSICCookieBaunGotasChoc52x60gBR;03/02/2027;0
12480738;MAGGI MEU SEGREDO AlhoCebola 42(7x7g)BR;01/01/2027;0
12480745;MAGGI MEU SEGREDO CheiroVerde 42(7x7g)BR;01/03/2027;0
12480752;MAGGI MEU SEGREDO Tomate 42(7x7g) BR;01/03/2027;0
12481476;CAT CHOW PsFilhFrangoeLeite 10,1kg N2 BR;01/09/2027;0
12481492;CAT CHOW Ps Adultos Carne 10,1kg N2 BR;01/08/2027;5
12481519;CAT CHOW Ps Adultos Peixe 10,1kg N2 BR;01/02/2027;0
12481983;CAT CHOW Ps Castrados 10,1kg N2 BR;01/09/2027;5
12482395;CAT CHOW Castrados Carne 15x85g N1 XI;01/10/2027;0
12482399;CAT CHOW Adultos Frango 15x85g N1 XI;#N/D;0
12482400;CAT CHOW Adultos Carne 15x85g N1 XI;01/01/2028;0
12482401;CAT CHOW Castrados Peixe 15x85g N1 XI;01/02/2028;0
12482410;CAT CHOW Filhotes Frango 15x85g N1 XI;01/05/2027;1
12482821;CARIBE Candybar 6(30x28g) BR;16/04/2027;0
12489996;ALPO Filhotes CarFrgCerVeg Lei 10x1kg BR;01/09/2027;63
12492194;ALPO Adulto Car Frg Cer Veg 18kg BR;01/09/2027;336
12492195;ALPO Adulto Car Frg Cer Veg 10,1kg BR;01/08/2027;0
12492196;ALPO Adulto Car Frg Cer Veg 10x1kg BR;01/08/2027;0
12492197;TALENTO ChocBrancoDocedeLeite8(12x85g)BR;18/11/2026;2
12492199;TALENTO Tab Choc Branco Cer 8(12x85g) XW;13/02/2027;10
12492201;ALPO Filhotes CarFrgCerVegLei 10,1kg BR;01/05/2027;0
12492202;TALENTO Tablete Meio Amargo 8(12x85g) BR;05/03/2027;12
12492203;TALENTO Tab Leite Cstn Para 8(12x85g) XW;24/02/2027;2880
12492209;TALENTO Tab Choc Amendoa Pas 8(12x85g)XW;19/03/2027;1248
12492210;TALENTO Tab Leite Avelas 8(12x85g) XW;29/01/2027;1824
12492216;TALENTO Tab Rech Morango 8(12x85g) XW;14/11/2026;96
12493320;NESQUIK Morango 24x200g BR;01/03/2027;0
12494461;GALAK Rech&Cob Negresco 6x1,01kg NPro BR;20/09/2026;0
12494821;NESLAC SUPREME CmptoLact 6x800g N1 BR;01/09/2026;0
12495099;KIT KAT MiniMomentsCookies 4(24x34,6g)BR;06/08/2026;0
12495822;ALPINO Cookie Gotas Choc 52x60g BR;07/01/2027;0
12495833;GALAK CookieGotasChocBranco 52x60gBR;04/02/2027;0
12496082;DOGCHOWExtraLife7+CarFrgArz10x1kgBR;01/10/2026;0
12501474;DOGCHOWXLfeAdltMedioGdeCarFrgArz5x3kgBR;#N/D;0
12501505;DOGCHOWXLfeAdltMnPeqCarFrgArz5x3kgBR;01/11/2026;0
12501811;NESCAFE com Leite 12x300g BR;01/08/2026;0
12506651;KANINA Carne e Cereais 15kg N4 BR;01/08/2027;64
12510020;CRUNCH Cereal Matinal 24x230g BR;04/03/2027;0
12510030;MOCA FLAKES Cereal Matinal 24x230g BR;21/04/2027;0
12510108;MUCILON Multicereais Sachet 9x360g BR;01/11/2026;81
12510167;MUCILON Milho Sachet 9x360g BR;01/10/2026;0
12510168;MUCILON Arroz e Aveia Sachet 9x360g BR;01/12/2026;243
12510173;MUCILON Arroz Sachet 9x360g BR;01/01/2027;0
12510643;SNOW FLAKES Cereal Matinal 24x230g BR;14/02/2027;54
12511794;NESTLE CORN FLAKES Cer Mat 24x190g BR;05/02/2027;0
12511795;NEGRESCO Bisc Rech Fininho 44x57g BR;03/12/2026;0
12513225;NESTLE Farinha Lactea Trdl 24x360g BR;01/01/2027;0
12513226;NESTON 3 Cereais 18x360g BR;01/11/2026;60
12513468;NESTLE CLASSIC Duo Cookie 22x150g BR;05/12/2026;0
12513483;NESTLE CLASSIC Amendoim 22x150g BR;22/10/2026;0
12514534;NESCAU Prontinho Blactea 27x180ml BR;14/08/2026;850
12515531;NESCAUProntinhoBLactea3(9x180ml)PRL9P8BR;17/08/2026;0
12517524;NESCAU+SNWFLAKE Cer Mat 12x440g PRM BR;29/11/2026;43
12517928;NESTLE CLASSIC Choc Ao Leite 22x150g BR;12/02/2027;54
12518098;NESCAU Cereal Matinal 14x540g BR;21/08/2026;3
12519484;NAN LACTOSE FREE NLNW164 12x400g BR;06/05/2027;0
12519758;FRISKIES Megamix Adulto 10x1kg BR;01/06/2027;0
12519762;FRISKIES Megamix Adulto 6x3kg BR;01/03/2027;0
12519867;FRISKIES Mix Carne Castrados 6x3kg BR;01/08/2027;0
12519868;FRISKIES Megamix Adulto 10,1kg BR;01/09/2027;65
12519873;FRISKIES Mix Carne Castrados 10,1kg BR;01/10/2027;90
12519874;FRISKIES Mix Carne Castrados 10x1kg BR;01/06/2027;0
12519988;FRISKIES Mar de Sabores 6x3kg BR;01/05/2027;0
12519989;FRISKIES Mar de Sabores 10x1kg BR;01/08/2027;0
12520001;NESCAU Wafer Chocolate 48x110g BR;11/11/2026;0
12520004;FRISKIES Delicias da Granja Frg 6x3kg BR;01/04/2027;0
12520012;FRISKIES Mix Carne Adulto 10x1kg BR;01/08/2027;0
12520104;NESTLE Choc Po Solu 50% NPro 9x1,01kg BR;01/06/2027;0
12520109;FRISKIES Mix Carne Adulto 6x3kg BR;01/06/2027;0
12520114;NESTLE Choc Po Solu 32% NPro 9x1,01kg BR;01/07/2027;0
12520118;FRISKIES Delicias daGranja Frg 10,1kg BR;01/10/2027;0
12520223;FRISKIES Delicias daGranja Frg 10x1kg BR;01/06/2027;0
12520225;FRISKIES Mar de Sabores 20kg BR;01/09/2027;912
12520226;FRISKIES Mix Carne Adulto 20kg BR;01/10/2027;0
12520229;FRISKIES Mix Carne Adulto 10,1kg BR;01/09/2027;90
12520234;FRISKIES Filhotes Frango 12x500g N1 BR;01/02/2027;0
12520236;FRISKIES Mar de Sabores 10,1kg BR;01/09/2027;90
12520569;FRISKIES Filhotes Frango 10,1kg N1 BR;#N/D;90
12521363;PASSATEMPO Biscoito Maisena 40x170g BR;18/11/2026;84
12521371;PASSATEMPO BiscoitoLeiteMaltado54x150gBR;17/02/2027;0
12521575;CAT CHOW Ps Castrados Peixe 10,1kg BR;01/01/2027;0
12521749;NESCAFE CAPPUCCINO Trdl Lata 24x180g BR;01/03/2027;0
12521771;FRISKIES Megamix Castrado 10,1kg BR;01/09/2027;0
12521837;NESCAFECAPPUCCINODoisFradesLata24x180gBR;01/12/2026;0
12522825;GAROTO Tablete Choc Mamgo 4(16x80g) XW;19/03/2027;5056
12522826;GAROTO Crocante Tablete 4(16x80g) XW;26/03/2027;3328
12522829;GAROTO Tablete ChocBco Bisc 4(16x80g) XW;04/03/2027;2624
12522832;GAROTO Tablete Choc aoLeite 4(16x80g) XW;09/03/2027;8640
12522835;GAROTO Tablete Castanha Caju 4(16x80g)XW;10/02/2027;0
12523120;NESQUIK Bebida Lactea Morango 27x180mlBR;08/06/2026;340
12524168;ALFAMINO JUNIOR AKASP0001 6x400g BR;18/12/2026;0
12524409;MOCA Caramelo Salgado NPro 8x980g BR;17/06/2026;1
12524586;GAROTO Crocante Chocolate 18(30x25g) BR;03/02/2027;5
12525293;FANCY FEAST Petit Filet Carne 15x85gN1BR;01/01/2028;0
12526259;MUCILON Arz Ava 12x180g PRL180P160 BR;01/01/2027;1101
12526275;MAGGI Sopao Gl 24x200g PRL200P150 BR;01/02/2027;167
12526276;FANCY FEAST Cass Frango e Peru15x85gN1XI;01/10/2027;0
12526285;MUCILON Multrs 12x180g PRL180P160 BR;01/12/2026;0
12526286;FANCY FEAST Cass Atum e Salmao15x85gN1XI;01/01/2028;0
12526296;MAGGI Sopao Carne 24x200g PRL200P150 BR;01/03/2027;237
12526301;FANCY FEAST Goulash Atum 15x85g N1 XI;01/11/2027;0
12526304;CLASSIC Chocolate Mamgo 4(16x80g) BR;12/01/2027;0
12526305;PRESTIGIO Maxi Chocolate 4(12x90g) BR;12/01/2027;0
12526310;FANCY FEAST Petit Filet Salmao15x85gN1XI;01/11/2027;0
12526311;GAROTO Tab ChocLei CajuPas 4(16x80g) XW;27/02/2027;704
12526320;GALAK Chocolate 4(16x80g) BR;29/04/2027;0
12526404;FANCY FEAST Demi Glace Frango 15x85gN1XI;01/10/2027;0
12526838;MAGGI Caldo Carne 100x114g PRL12P10 N1BR;01/01/2027;0
12527297;DIPLOMATA Chocolate 4(16x80g) BR;14/04/2027;0
12527298;CLASSIC Chocolate ao Leite 4(16x80g) BR;10/03/2027;0
12527302;CLASSIC Duo Chocolate 4(16x80g) BR;17/02/2027;47
12527322;CLASSIC Prestigio 4(16x80g) BR;29/11/2026;0
12527323;MUCILON SNACKS Morango & Bna 15x35g BR;01/12/2026;99
12527324;MUCILON SNACKS Laranja &Banana 15x35g BR;01/12/2026;0
12527418;NESTLE Farinha Lactea Trdl 24x160g BR;01/12/2026;1120
12527434;CRUNCH Chocolate 4(16x80g) BR;14/02/2027;0
12527435;GAROTO Tablete Choc Bco 4(16x80g) N1 XW;15/03/2027;4288
12527441;NESTLE DoisFrades Pasta NPro 6x1,01kg BR;25/07/2026;0
12528243;SBUX Frappuccino Classic 4(6x280ml) BR;09/11/2026;0
12528254;STARBUCKS Frappuccino Crml 4(6x280ml) BR;12/10/2026;0
12531076;NESTLEAveiaFlcFinos28x170gPRL170P150BR;01/02/2027;88
12531077;NESTLE Aveia Flocos 28x170g PRL170P150BR;01/03/2027;0
12531949;SBUX Frappuccino Mocha 4(6x280ml) BR;11/11/2026;16
12533669;NESCAU CerealMatinalExtraCacau24x170g BR;14/02/2027;108
12533720;GAROTO Tab Choc aoLei Amendi 22x150g XI;11/12/2026;0
12534256;GALAK Wafer 48x110g N1 BR;04/10/2026;96
12534263;BONO Wafer Chocolate 48x110g BR;10/12/2026;0
12534475;FRISKIES Atum ao Molho 15x85g N1 BR;01/01/2028;0
12534476;FRISKIES Peru ao Molho 15x85g N1 BR;01/11/2027;0
12534477;FRISKIES Carne ao Molho 15x85g N1 BR;01/01/2028;252
12534494;FRISKIES Salmao ao Molho 15x85g N1 BR;01/12/2027;0
12534495;FRISKIES Frango ao Molho 15x85g N1 BR;01/02/2028;0
12534514;FRISKIES Cordeiro ao Molho 15x85g N1 BR;01/02/2028;672
12534547;BONO Wafer Morango 48x110g BR;06/11/2026;0
12535219;NESCAFE GOLD ESPRS Intsd6 Lata 12x100gBR;01/05/2027;0
12535237;NESCAFE GOLD ESPRS Intsd8 Lata 12x100gBR;01/05/2027;0
12535260;NESCAFE GOLD ESPRS Intsd9 Lata 12x100gBR;01/08/2027;0
12535685;FRISKIES FilhotesCarne aoMolho15x85gN1BR;01/11/2027;0
12535692;FRISKIES PeixeBranco aoMolho 15x85g N1BR;01/02/2028;0
12537601;FANCY FEAST Demi Glace Carne 15x85g N2XI;01/11/2027;0
12538266;MAGGI CaldoGalinha 100x114g PRL12P10N1BR;01/05/2027;0
12538907;NESTLE Casca de Ovo NPro 15x200g BR;30/06/2026;0
12549142;NESLAC Comfor 3+ CmptoLact 6x800g BR;01/09/2026;0
12549150;NANLAC SUPREME 1+ 4HMO FI 6x800g BR;01/02/2027;0
12549161;NAN SUPREME 0-6Meses 4HMO 6x800g BR;01/10/2027;0
12549968;NEGRESCO Biscoito Recheado 66x90g BR;27/03/2027;630
12549969;NEGRESCO Biscoito Recheado Mrg 66x90g BR;22/04/2027;0
12549982;BONO Biscoito Recheado Morango 66x90g BR;20/02/2027;0
12549995;BONO Biscoito Recheado Limao 66x90g BR;05/01/2027;0
12550001;BONO Biscoito Recheado Choc 66x90g BR;#N/D;105
12550004;BONO Biscoito Recheado Ddl 66x90g BR;26/02/2027;4
12550128;BONO Biscoito Recheado Coco 66x90g BR;03/10/2026;0
12550520;NEGRESCO Bisc Rech LiSiciliano 66x90g BR;06/02/2027;0
12550648;NEGRESCO Biscoito Recheado Choc 66x90gBR;04/04/2027;210
12550664;NAN SUPREME 6-12Meses 4HMO 6x800g BR;01/10/2027;0
12550953;NESTLE Choco Trio Leite 4(12x90g) BR;04/02/2027;0
12550971;NESTLE Choco Trio Choc 4(12x90g) BR;19/03/2027;0
12551154;NESCAU Achocolatado Po 30% Ccu 24x180gBR;01/03/2027;47
12551184;NESCAU Achocolatado Po 60% Ccu 24x180gBR;01/04/2027;105
12551246;NDG MOCHACCINO Canl 10Caps 6x172g BR;01/04/2027;0
12551249;NDG Cafe Caseiro 10Caps 6x80g BR;01/05/2027;0
12551257;NDG Nescau 10Caps 6x170g BR;01/05/2027;15
12551265;NDG ESPRESSO 10Caps 6x60g BR;01/05/2027;30
12551271;NDG CAFE AU LAIT Baun 10Caps 6x110g BR;01/01/2027;0
12551300;NDG ESPRESSO Inso 10Caps 6x80g BR;01/04/2027;0
12551301;NDG CAPPUCCINO 10Caps 6x117g BR;01/04/2027;0
12551302;NDG Caffe Matinal 10Caps 6x80g BR;01/05/2027;30
12551448;NDG LUNGO 10Caps 6x70g BR;01/02/2027;0
12551459;NDG CAFE AU LAIT 10Caps 6x100g BR;01/05/2027;0
12551463;NDG LATTE MACCHIATO 10Caps 6x112,5g BR;01/04/2027;30
12551472;NDG CHOCOCINO 10Caps 6x160g BR;01/11/2026;0
12551473;NDG CAPPUCCINO Ddl 10Caps 6x170g BR;01/01/2027;15
12554556;MOCA Leite Condensado Bag NPro 5x3kg BR;01/07/2026;0
12555551;NESCAU Achoc Po Cilindrico 24x200g BR;01/03/2027;150
12556035;NESCAU Achoc Po Cilindro 12x670g BR;01/03/2027;88
12556241;NESTONUTRI 1+ FI 6x800g N2 BR;01/02/2027;0
12556838;CAT CHOW PS Castrados Peixe 5x2,7kg BR;01/02/2027;0
12556860;CAT CHOW PS Castrados Frango 5x2,7kg BR;01/02/2027;0
12557053;CAT CHOW Ps Castrados Frango 10x1kg BR;01/01/2027;0
12557072;CAT CHOW Ps Castrados Peixe 10x1kg BR;01/01/2027;0
12557597;CAT CHOW Ps Adultos Peixe 10x1kg N1 BR;01/12/2026;0
12557599;CAT CHOW Ps Filhotes Frango 10x1kg BR;01/12/2026;0
12557602;CAT CHOW Ps Adultos Carne 10x1kg N2 BR;01/09/2026;0
12557620;CAT CHOW Ps Filhotes Frango 5x2,7kg BR;01/01/2027;0
12558277;NESTLE Aveia Flocos 18x450g BR;01/03/2027;42
12558286;NESTLE Aveia Flocos Finos 18x450g BR;01/03/2027;42
12558433;NINHO CmptoLact Fibras Sac 12x750g BR;01/01/2027;0
12558441;NESCAU Beb Menos Acucar ZrLact27x180mlBR;05/10/2026;170
12559766;NESTLE Aveia Farelo 28x170g BR;01/03/2027;0
12559794;NESTLE Aveia Farinha 28x170g BR;01/02/2027;176
12560459;SNOW FLAKES Cer Mat 14x620gPRL620P470BR;#N/D;0
12560475;ALFAMINO ACS040 6x400g BR;29/01/2028;0
12561091;MUCILON Snack Pipoquinha Milho 15x35g BR;01/12/2026;0
12561814;NESCAFE Descafeinado Sachet 24x40g BR;01/05/2027;0
12561840;NESCAFE DOLCA Sachet 24x40g N1 BR;01/06/2027;0
12562153;DCHOW XLfe Lact FilhMedGdeCarFrArz15kgBR;01/07/2027;0
12562164;DOGCHOW PAPITA XLfe Lact CarFrArz 20kgBR;01/10/2027;0
12562294;DCHOW XLfeLactFilhMnPeqCarFrgArz10,1kgBR;01/03/2027;0
12562302;DCHOW XLfeLact FilhMnPeqCarFrgArz5x3kgBR;01/06/2027;0
12562410;DOGCHOW XLfeLactFilhMnPeqCarFrgArz15kgBR;01/10/2027;12
12562754;NESCAFE GOLD Intsd 9 Sachet 24x40g BR;01/03/2027;0
12562774;NESCAFE GOLD Intsd 6 Sachet 24x40g BR;01/03/2027;0
12566987;NEGRESCO Cereal Matinal 24x200g BR;14/01/2027;0
12570879;GAROTO Bombom CrocanteCaribe 30x215,2gBR;26/09/2026;10
12570896;PRESTIGIO Caixa 30x252g BR;17/10/2026;0
12570923;NESCAU Blactea 27x180ml PRL180P160 BR;20/10/2026;932
12571027;PSTMP Fininho Bisc Rech Avela 44x57g BR;20/06/2026;0
12571139;NESCAFE CAPPU CanelaBebGarr 4(6x270ml)BR;02/12/2026;15
12571160;NESCAFE LATTE BebGarrPlas 4(6x270ml) BR;19/10/2026;13
12571161;NESCAFEChocnoBebGarrafaPlas4(6x270ml)BR;02/12/2026;13
12571372;NAN SUPREME 0-6Meses 4HMO 12x400g BR;01/10/2027;0
12571519;GATSY Carne 20kg N1 BR;01/09/2027;0
12572613;SBUX MEDIUM COLUMB 10Caps 6x55g BR;01/10/2026;0
12572694;NCUAchocPo33%MenosAcuCilindro36x350gBR;01/02/2027;60
12574653;SBUX CAPPUCCINO Wht 10Caps 6x100g BR;01/08/2026;0
12574985;NDG Alpino Tradicional 10Caps 6x178g BR;01/05/2027;0
12575444;NESTLE CLASSIC Ovo de Pascoa 15x199gBR;30/06/2026;0
12575461;MAGGI Base Demi Glace NPro 6x600g BR;01/10/2026;0
12575945;DOG CHOW Oral Medio e Grande 12x200g BR;#N/D;0
12576094;NAN COMFOR 6-12Meses HMO 6x800g BR;01/03/2027;99
12576834;NANLAC COMFOR HMO FI 1+ 6x800g BR;01/09/2026;0
12577839;NINHO Leite Integral Inst Sac 12x750g BR;01/02/2027;8
12577859;TALENTO Amendoa Amendoim Avl 8(15x75g)BR;27/12/2026;2
12577865;NINHO Leite Integral Inst Lata 24x380gBR;01/07/2027;0
12578245;PRESTIGIO Ovo de Pascoa 15x225g BR;30/06/2026;0
12578888;MAGGI MSGR 7Veg 42(7x7g) PR20%Dsc BR;#N/D;28
12580974;ALFARE ACS030 6x400g N1 BR;31/08/2027;0
12580999;KIT KAT Cereal Matinal 24x210g BR;12/02/2027;0
12581664;PRESTIGIO Pasta NPro 6x1,01kg BR;10/06/2026;0
12581678;GAROTO Choco Trio Negresco 4(12x90g) BR;20/12/2026;8
12581702;GAROTO Choco Trio Bono Mrg 4(12x90g) BR;17/01/2027;4
12581976;GAROTO TableteChocLeiNegresco 22x150gBR;31/01/2027;0
12581977;GAROTO TableteChocLeiCrocante 22x150gBR;13/12/2026;0
12582848;NINHO LeitePo Integral Sachet 12x575g BR;01/12/2026;160
12582856;NINHO Leite Integral Inst Sac 12x575g BR;01/12/2026;0
12582872;NESCAFE Coador Papel NPro 500Uni BR;18/03/2030;0
12582874;NINHO Leite Integral Inst Sac 12x350g BR;01/12/2026;24
12582978;NAN SENSITIVE HMO 6x800g BR;01/10/2026;0
12583426;MAGGI Tempera & Amacia 48(10x5g) BR;01/09/2026;0
12583436;NINHO Leite Po Integral Sac 12x350g BR;01/02/2027;216
12584239;KIT KAT Cereal Matinal 22x90g BR;25/12/2026;23
12584369;NINHO Adulto Leite em Po 24x350g BR;01/05/2027;0
12584392;GAROTO Tablete Crunch 4(16x80g) BR;12/02/2027;18
12585564;PRO PLAN Filhote Medio e Grande 15kg BR;01/07/2027;0
12586084;TOSTINES Biscoito Especiarias 54x150g BR;28/11/2026;0
12586516;NINHO Cmpto Lact Zero Lactose 24x380g BR;01/03/2027;0
12586525;NINHO Leite Po Integral Sachet 12x750gBR;01/12/2026;792
12586544;NINHO Leite Po Integral Lata 24x380g BR;01/05/2027;0
12587774;NINHO CmptoLact Fibras Sachet 50x150g BR;01/02/2027;70
12588590;NINHOLepoIntegrInstSac12x750gPR50gGrtsBR;01/10/2026;0
12589907;NESTONUTRI 1+ FI 12x800g BR;01/03/2027;26
12590501;DOG CHOW Biscoito Filh FrgLei 16x300g BR;01/01/2027;0
12590502;NINHO Lepo Integral Sac12x750gPR50gBR;01/02/2027;0
12591179;NESCAU ACT-GO BebExtraCacau 4(6x270ml)BR;27/09/2026;64
12591933;NESTLE Chocobiscuit Choc aoLei 30x78g BR;16/12/2026;81
12591944;GAROTO Chocobiscuit Choc aoLei 30x78g BR;01/02/2027;150
12591961;GAROTO Crocante Cookie 52x60g BR;11/01/2027;17
12591962;CARIBE Cookie 52x60g BR;09/01/2027;0
12592352;DOGCHOW BiscoitosFrg MiniPeq 16x500gN1BR;01/10/2026;0
12592353;NESCAU Achocolatado Po Sac 12x900g N1 BR;01/12/2026;0
12592511;GAROTO ChocoCookies Rech Choc 40x100g BR;12/12/2026;1
12592785;PRO PLAN SensitiveSkin Mini&Peq 7,5kg BR;01/11/2026;0
12592972;NESTLE Farlact Trad 24x360g PRArraia BR;01/03/2027;0
12595044;MOCA Leite Cond Semi Desn NPro 5x3kg BR;01/09/2026;0
12595377;NUTREN Protein 15g RTD Choc 4(6x260ml)BR;01/04/2027;0
12595468;NUTREN Protein 15g Baunilha 4(6x260ml)BR;01/04/2027;0
12596287;NESCAFE Forte NPro 12x250g BR;01/09/2026;0
12596509;NESCAFE Espr Brasileiro NPro 6x1kg BR;01/07/2026;2
12598146;FRISKIES Petiscos Salmao 15x40g BR;01/10/2027;0
12598254;FRISKIES Petiscos Carne 15x40g N2 BR;01/08/2027;36
12598255;FRISKIES Petiscos Frango 15x40g N1 BR;01/08/2027;0
12599819;SURPRESA TableteChocAoLeite 12(22x20g)BR;12/12/2026;1
12600478;MAGGI Tempero Para Feijao 48(10x5g) BR;01/08/2026;0
12600497;MAGGI Tempero Para Frango 48(10x5g) BR;01/12/2026;0
12600498;MAGGI Tempero Para Legumes 48(10x5g) BR;01/12/2026;27
12600499;MAGGI Tempero Para Massas 48(10x5g) BR;01/10/2026;0
12600503;MAGGI Tempero Para Carnes 48(10x5g) BR;01/11/2026;12
12601436;GAROTO ChocoTrio Prestigio 4(12x90g) BR;30/01/2027;4
12601967;FRISKIES Petiscos Salmao 15x80g BR;01/10/2027;6
12602527;ALPINO Chocolate 4(16x80g) BR;12/02/2027;0
12604964;NESCAU Achoc Po Cilindrico 36x350g BR;01/03/2027;0
12606771;TOSTINES Leite Maltado 48x160g N1 BR;09/11/2026;9
12607311;TOSTINES Biscoito Granulado NPro 6x1kgBR;15/09/2026;0
12608184;NESCAFE CAPPU Barista NPro 6x1,3kg BR;#N/D;0
12608573;NESCAFE CopoPpl NPro 200ml 20x50Uni BR;20/04/2027;0
12608991;NINHO Recheio NPro 6x2,61kg BR;02/11/2026;0
12609048;NESTLE ChocoCookies Brownie 40x100g BR;30/11/2026;0
12609059;NESTLE ChocoCookies RechAvela 40x100g BR;20/10/2026;0
12609061;NESTLE ChocoCookies Rech Choc 40x100g BR;23/08/2026;0
12609164;SERENATA DE AMOR ChocoCookies 40x100g BR;18/11/2026;0
12609999;NESCAFEORIGINALXForteSac24x40gPR10%DesBR;01/05/2027;0
12610012;NESCAFETRADICAO ForteSac24x40gPR10%DesBR;01/05/2027;0
12610157;NAN Soja SPOE 6x800g BR;03/04/2027;0
12610213;MUCILON Ameixa e Aveia 9x600g BR;01/01/2027;63
12610403;MUCILON BL 5 Cereais Zero 9x600g BR;01/01/2027;63
12610745;NESCAFE CAPPU ProEnergy Canl4(6x270ml)BR;04/10/2026;0
12610767;NESCAFE CAPPU ClasProEnergy 4(6x270ml)BR;22/09/2026;0
12610829;NESCAFE ProEnergy Chocno 4(6x270ml) BR;03/10/2026;13
12611191;GAROTO Cob Sabor Choc AoLei NPro12x1kgBR;03/10/2026;0
12611501;MAGGI Tempr Grnul p/ Frango 48(10x5g) BR;01/02/2027;13
12611512;MAGGI Tempr Grnl p/ Carne 48(10x5g) BR;01/01/2027;0
12611997;MOCA Leite Condensado NPro 2x5kg BR;01/07/2026;0
12612400;NESTLE ChocoCookies CobChoc 35x100g BR;02/10/2026;0
12613072;NESTOGENO 1 Formula Infantil 6x800g N4BR;01/08/2027;0
12613081;NESTOGENO 2 Formula Infantil 12x400gN4BR;01/07/2027;0
12613109;NESTOGENO 2 Formula Infantil 6x800g N4BR;01/07/2027;0
12613132;NESTOGENO 1 Formula Infantil 12x400gN4BR;01/05/2027;0
12613319;MAGGI FONDOR Tempero 30x120g N1 BR;01/02/2027;0
12613348;DOGCHOWXLfeAdltMedGdeCarFrgArz20kgN1BR;01/10/2027;9
12613349;MAGGI Amaciante Car c/Tempero30x120gN1BR;01/03/2027;0
12613366;MOCA Leite Condensado NPro 8x1,18kg BR;01/07/2026;0
12613367;CHARGE Cookie Gotas Choc 52x60g BR;19/12/2026;0
12613380;MAGGI GRIL Tempero 30x120g BR;01/01/2027;0
12613546;DOGCHOWXLfeAdltMedioGdeCarFrgArz15kgN1BR;01/09/2027;0
12613548;DOGCHOWXLfeAdltMnPeqCarFrgArz10,1kgN1BR;01/08/2027;90
12613556;DOGCHOWXLfeAdltMedGdeCarFrgArz10,1kgN1BR;01/10/2027;0
12613559;DOGCHOW ExtraLife 7+ CarFrgArz 15kg N1BR;01/09/2027;4
12613570;DOGCHOWXLfeAdltMnPeqCarFrgArz20kgN1BR;01/10/2027;48
12613573;DOGCHOWXLfeAdltMnPeqCarFrgArz15kgN1BR;01/10/2027;64
12614177;NESTLE Choco Trio Avela 4(12x90g) BR;24/03/2027;0
12615097;GALAK NPro Cobertura Choc 6x2,1kg BR;10/11/2026;0
12615149;GALAK NPro Cobertura Choc 12x1kg BR;10/11/2026;0
12615709;KIT KAT Cereal Mat Sachet 12(16x25g) BR;06/08/2026;0
12615854;MUCILON Arroz Aveia Sachet 12x230g N1 BR;01/10/2026;0
12616029;TOSTINES Espec Bisc Rech Cappu 66x93g BR;04/12/2026;0
12616031;DOG CHOW Adulto TriploProt Pc 15x85g BR;#N/D;0
12616032;DOG CHOW Adulto TriploProt Slm 15x85gBR;#N/D;0
12616045;DOG CHOW Filhote Carne&Leite 15x85g BR;#N/D;0
12616589;NESTLE Aveia Proteinada 24x160g BR;01/05/2026;0
12617000;NESCAU Achoc Sachet 12x550g PR50gGrts BR;01/12/2026;227
12618102;NESTOGENO ESPESSAR FI 6x800g N1 BR;01/06/2027;0
12618462;SNOW FLAKES CerMat Frutas 24x240g BR;09/01/2027;0
12618552;NESTLE Farlact Trdl Sac Arraia 9x600g BR;01/02/2027;0
12618561;NESTLE Farlact Trdl SacArraia 24x210g BR;#N/D;1505
12620119;NINHO Cmpto Lact Lata 24x380gPR10%Dsc BR;01/12/2026;0
12620125;NINHO CmptoLact Fibras Lata 24x380g BR;01/11/2026;0
12620861;NESCAU ACTIGEN-E AchocPo NPro 4x2,01kgBR;01/12/2026;0
12622733;KIT KAT Achocolatado Po NPro 6x1,3kg BR;01/11/2026;0
12622761;NAN COMFOR 0-6Meses HMO 6x800g N1 BR;01/06/2027;89
12622765;NAN EspessAR HMO 6x800g N1 BR;01/03/2027;0
12622772;NAN COMFOR 0-6Meses HMO 12x400g N1 BR;01/07/2027;0
12623003;KIT KAT 4Fngr Churros 4(24x41,5g) BR;22/08/2026;0
12623506;FRISKIES Mix de Carnes 15x80g BR;01/03/2028;0
12623520;FRISKIES Mar de Sabores 15x80g BR;01/03/2028;0
12623819;FRISKIES Megamix 15x80g BR;01/03/2028;0
12624035;DOGCHOW XLfeAdlt MnPeq CarFrgArz8x900gBR;01/09/2027;0
12624063;DOGCHOW ExtraLife 7+ CarFrgArz 8x900g BR;#N/D;0
12624122;NDG CHOCOCINO Nestle 10Caps6x150gBR;01/12/2026;0
12624153;DOGCHOW XLfeAdltMedGdeCarFrgArz6x2,5kgBR;01/08/2027;25
12624229;DOGCHOW XLfeAdltMnPeq CarFrgArz6x2,5kgBR;01/05/2027;10
12624355;NESTLE Tab Rech Negresco 4(14x90g) BR;11/02/2027;8
12624593;PRESTIGIO Tablete Recheado 4(14x90g) BR;19/10/2026;5
12625382;TOSTINES Bisc Espec Gengibre 54x150g BR;28/08/2026;0
12625387;NESCAFEGOLD Intsd7SacLiofilizado24x40gBR;01/06/2027;0
12626117;KITKAT 4Fngr Leite 4(24x41,5g)PRLMPMBR;26/08/2026;0
12626399;MOLICO LepoDesnTotalCaPk6(2x280g)PR20%BR;01/01/2027;0
12627332;NUTRENPrtn15g PpbBaun4(6x260ml)PRLMPMBR;01/07/2026;0
12627341;NUTRENPrtn15g PpbChoc4(6x260ml)PRLMPMBR;01/07/2026;0
12627358;TALENTO CstnCajuParaAmendoim 8(15x75g)BR;29/10/2026;9
12627449;GAROTOTabChocAoLeite 4(16x80g)PR20%DscBR;25/08/2026;0
12627467;GAROTO CxBbsSortidos 30x250g PR20%DscBR;27/07/2026;0
12627469;MUCILON MltrsSac 9x600g PRL600P500 BR;01/11/2026;0
12627478;MUCILON ArzAva Sac 9x600g PRL600P500 BR;01/11/2026;0
12627510;CLASSIC ChocAoLeite 4(16x80g)PR20%DscBR;07/07/2026;0
12627579;DENTALIFE Gatos 12x40g N1 XI;01/06/2027;0
12628857;NUTREN Prtn15gRTDChocoWafer 4(6x260ml)BR;01/03/2027;2
12629258;NESTLE Cookies 15(4x60g) PRL4P3 BR;17/07/2026;0
12629924;NESCAU Achoc Po Protn Cilindro 36x330gBR;01/09/2026;0
12629955;MUCILON Multicereais LataLito18x400gN1BR;01/09/2026;0
12629983;MUCILON Arroz Lata Lito 18x400g N1 BR;01/12/2026;0
12630217;GAROTO Chocopretzel ao Leite 40x80g BR;23/10/2026;0
12630675;NINHO 1+ PBIO1 Fases LepoSac 12x800gN4BR;01/02/2027;0
12631039;CHARGE Tablete Recheado 4(14x90g) BR;20/01/2027;7
12655014;DCHOW XLfeLactFilhMnPeqCarFrgArz8x900gBR;01/07/2027;0
12655182;DCHOW XLfeLactFilhMdGdCarFrgArz7x2,5kgBR;#N/D;0
12655184;DCHOWXLfeLactFilhMedGdeCarFrgArz8x900gBR;01/07/2027;0
12664895;KITKAT 2Fngr Leite Bag 10x417,6gPRLMPMBR;22/10/2026;0
12799262;NUTREN ACTIVE Baun 12x400g PRL400P340gBR;01/04/2027;0
12805884;NESCAFE com Leite 12x300g N1 BR;01/02/2027;0
12889867;NINHO CmptoLact Zero Lact Sac 12x700g BR;01/02/2027;21
12997472;NINHO1+PREBIO1FasesLata3x1,6kgPR20%N2BR;01/04/2027;0
13006270;NESCAFE Xicara e Pires 75ml NPro 24Pc BR;#N/D;5
13069775;NINHO 1+ PBIO1 Fases Lepo 24x400g N5 BR;01/05/2027;0
13129259;NINHO 3+ PBIO3 Fases Lepo 6x800g N1 BR;#N/D;27
13160910;NESCAFE Xicara e Pires 200ml NPro24PcsBR;#N/D;4
13320068;NUTREN SENIOR Po 24x370g PRL370gP330g BR;01/03/2027;0
13332567;NESCAU Protein 24x250ml BR;29/07/2026;0
13383314;NESCAU Cookie Cereal Matinal 20x180g BR;02/02/2027;0
13389250;NESTON Bebida Lactea Ppb 27x180ml BR;12/10/2026;40
13392666;FRISKIES Mix Carne Castrados 7x2,5kg BR;01/08/2027;0
13392667;FRISKIES Megamix Castrado 7x2,5kg BR;01/08/2027;0
13392668;FRISKIES Megamix Adulto 7x2,5kg BR;01/09/2027;0
13392684;FRISKIES Delicias daGranja Frg 7x2,5kgBR;01/08/2027;0
13400567;FRISKIES Mix Carne Adulto 7x2,5kg BR;01/09/2027;0
13463462;NESCAU Cookie Cereal Matinal 20x80g BR;17/11/2026;0
13466600;NESCAFE ICE 24x40g BR;01/02/2027;0
13522060;BONO Biscoito Recheado Mrg 66x90g N1 BR;10/01/2027;0
13522061;BONO Biscoito Recheado Choc 66x90g N1 BR;19/01/2027;15
13522062;BONO Biscoito Recheado Ddl 66x90g N1 BR;24/12/2026;0
13528301;NEGRESCO Biscoito Rech Mrg 66x90g N1 BR;27/02/2027;0
13528866;NEGRESCO Bisc Rech Choc 66x90g N1 BR;19/03/2027;0
13528867;NEGRESCO Biscoito Recheado 66x90g N1 BR;05/03/2027;0
13563758;NTRN Prtn 15g Ppb VitFrutas 4(6x260ml)BR;01/03/2027;13
13597100;NEGRES Nevado Recheado Baun 66x90g BR;26/12/2026;0
13597926;NEGRES Nevado Recheado Morango 66x90g BR;02/01/2027;0
13612736;BONO Mini Biscoito Rech Mrg 60x24g BR;#N/D;31
13612737;BONO Mini Biscoito Rech Choc 60x24g BR;#N/D;193
13680781;NTRN Protein15gRTD ColagChoc4(6x260ml)BR;01/03/2027;0
13680782;NTRN Protein15gRTD ColagBaun4(6x260ml)BR;01/03/2027;0
13720732;SPRSA Biscoito Recheado 70x130g BR;12/09/2026;0
13720753;SNWFLAKE CerMat 24x230g PR15%Grts BR;27/10/2026;0
13754078;FRSK Filhotes Frango 9x850g BR;01/08/2027;0
13754108;FRSK Mar de Sabores 9x850g BR;01/08/2027;0
13760031;FRSK Megamix Castrados 9x850g BR;01/09/2027;0
13760032;FRSK Mix Carne Adulto 9x850g BR;01/08/2027;0
13783814;PRST Frutas Vermelhas Choc 18(30x33g) BR;24/11/2026;0
13799711;MAG Tempero Sabor Manteiga 30x110g BR;01/11/2026;0
13800870;MAG Tempero Lemmon Pepper 30x110g BR;01/11/2026;0
13837463;MAG Tempero Empana LemonPpr 12(9x60g)BR;01/12/2026;5
13837464;MAG Tempero Empana Paprica 12(9x60g)BR;01/12/2026;3
13837465;KK 4Fngr Tutti Frutti 4(24x41,5g) BR;10/04/2027;0
13837609;KK 4Fngr Dark ChocMint 4(24x41,5g) BR;21/03/2027;0
13837644;MAG Tempero Empana Parmesao12(9x60g)BR;01/12/2026;3
13842963;SFLR Chocolate ao Leite 4(16x80g) N1 BR;10/03/2027;0
13864756;GLK Tablete Recheado 4(14x90g) BR;25/01/2027;0
13882992;MAG Macarrao Sabor Bechamel 12(9x65g) BR;01/01/2027;4
13882993;MAG Macarrao Sabor Tomate 12(9x65g) BR;01/01/2027;5
13882994;MAG Macarrao Sab MacN Chse 12(9x65g) BR;01/11/2026;7
13926876;NEST Chocobiscuit Choc Branco 30x78g BR;12/11/2026;32
13945245;GRT Bombons Sortidos Caixa 30x220g BR;08/04/2027;1217
13982513;PSTMP Bisc Rech Choc 70x130g PR10%GrtsBR;14/12/2026;0
13991250;ESPD Bombons Sortidos Caixa 30x220g BR;15/04/2027;0
14024359;KK 4Fngr Latte Macchiato 4(24x41,5g) BR;02/02/2027;0
14089195;PRPN Des Excp Filhote Mini&Peq 7,5kg BR;#N/D;0
14106543;GRT Tablete Rech Crocante 4(14x90g) N1BR;15/01/2027;0
14106626;SDA Tablete Recheado 4(14x90g)BR;13/12/2026;0
14123574;NNHO Lepo Integral Sac12x575gPR85gGrtsBR;01/03/2027;0
14123615;SFLR Duo 12(20x50g) BR;25/02/2027;0
14123616;SDA Choco Trio 4(12x90g) BR;03/03/2027;0
14131309;BTN Tablete Rech 4(14x90g) BR;11/12/2026;0
14317522;NCU Achoc Po Cilindro Copa 36x350g BR;01/02/2027;0
14376159;NTRN Prtn 15g Choc 4(6x260ml)PR25%Dsc BR;01/03/2027;13
14376161;NTRN Prtn15g Wafer 4(6x260ml) PR25%DscBR;01/03/2027;0
14377096;NTRN SENIOR Po 6x740g PR25%Dsc BR;#N/D;15
14377098;NTRN SENIOR Po Baun 24x370g PR20%Dsc BR;01/09/2027;0
14385458;NTRN SENIOR Po Baun 6x740g PR25%Dsc BR;01/09/2027;0
14476614;GRT Tablete Pe de Moleque 4(16x80g) BR;#N/D;101
14506131;PSTMP Biscoito Rech Galak 66x90g BR;13/02/2027;0
14506333;PSTMP Biscoito Rech Prestigio 66x90g BR;16/02/2027;15
14506353;PSTMP Biscoito Rech Alpino 66x90g BR;09/02/2027;15
14507345;MCLN Cereal Leite 24x160g N1 BR;01/12/2026;0
14507390;MCLN Cereal Leite 9x560g N1 BR;01/12/2026;0
14507681;NESC NPro Copo Futebol 200ml 25x40Uni BR;#N/D;1
14510840;GRT BombonsSortidosCx 30x220gPR10%DscBR;#N/D;1680
14513265;NEST ChocoStickCrmlSalgado 12(12x24g)BR;#N/D;0
14513277;BTN ChocoStick Caribe 12(12x24g) BR;#N/D;0
14513949;BTN ChocoStick TriploChoc 12(12x26g)BR;#N/D;0
14513974;BTN ChocoStickCookies&Cream 12(12x26g)BR;#N/D;0
14513980;NEST ChocoStick Avela 12(12x26g) BR;#N/D;0
